alias,service,region_label,view_sessions,avg_session_duration_s,median_session_duration_s,n_visits,avg_visit_duration_s,avg_files_per_visit,new_asset_fraction_per_visit,download_stream_ratio,distinct_testing_assets,testing_assets_pct,distinct_nontesting_assets,testing_only,coverage_fraction,n_dandisets_touched,dandiset_coverage_fraction,mean_within_dandiset_saturation,max_within_dandiset_saturation,session_gap_cv,visit_gap_cv,active_timespan_days,distinct_active_days,presence_density,off_hours_fraction,weekend_fraction
BraveFinch8003,geographic,USA/NH,6463827,1057.8127969699683,1.0,102,58768.75490196078,35978.32352941176,0.08711208910183693,0.02968567034675009,3,37.5,56214,False,0.08589121088318967,224,0.35,0.6118958875563465,1.0,650.7065572862072,4.149922062294656,1225.0647800925926,137,0.11183082088903518,0.6778021750891539,0.2249421279375206
IvoryLynx4316,geographic,USA/MA,563599,321.0454063971015,0.0,156,37458.756410256414,3598.852564102564,0.8070019427038371,0.019401436277078476,7,87.5,437796,False,0.6688978387016932,589,0.9203125,0.7335918901251516,1.0,74.48263553323655,4.389715746970927,407.80820601851855,200,0.49042661978929875,0.5019384349510911,0.3213703360013059
SageRaven5593,geographic,USA/MA,207056,455.8898558843984,0.0,103,29923.11650485437,2003.7087378640776,0.9743391514654887,0.0012766773019958389,1,12.5,194499,False,0.2971670583058575,508,0.79375,0.3600263874555617,1.0,38.20226705692132,3.60246594390656,402.84197916666665,128,0.3177424563963899,0.526785024341241,0.23916718182520671
JollyQuartz8636,geographic,CHN,195078,283.79157567742135,1.0,7,393378.71428571426,27803.85714285714,0.7469076065733128,2.821924454626909e-06,5,62.5,170963,False,0.26121366387884754,431,0.6734375,0.7485244334435673,1.0,254.3965460427389,,245.21957175925925,38,0.15496316108612224,0.5927372640687315,0.3900798654897016
AmberUmber9600,geographic,USA/VT,139568,314.12383927547864,1.0,47,26996.17021276596,2956.468085106383,0.37341353374745356,0.02449303591906917,4,50.0,54634,False,0.08347873383915394,212,0.33125,0.6317273723794767,1.0,163.39773128013798,4.3847852745121845,387.79877314814814,50,0.12893284729629312,0.22786741946578012,0.0008669609079445146
TidyNimbus8352,geographic,USA/NV,76234,99.40702311304668,2.0,11,102569.90909090909,6927.818181818182,0.27991042122260734,0.3939257377846932,1,12.5,53701,False,0.08204866511640699,95,0.1484375,0.6840013858641533,1.0,85.91966705468464,,42.9449537037037,22,0.5122837051307068,0.5008788729438308,0.04516357530760553
CleverMeadow6014,geographic,USA,67324,35.27917236052522,1.0,2,1495032.5,33661.0,0.999940919295758,0.0,1,12.5,67318,False,0.10285341490021604,382,0.596875,0.3236652266743615,1.0,5.693719902596296,,34.9959375,36,1.0286908301856466,0.4959004218406512,0.32720872200106943
CalmCedar0796,geographic,USA/MA,56902,1291.2105901374293,0.0,106,19718.415094339623,534.622641509434,0.928099798727731,0.001142416287670616,0,0.0,55241,False,0.08440002811246207,257,0.4015625,0.20243390793741237,1.0,26.11007901861037,1.6778018467527958,319.8979282407407,117,0.3657416621715383,0.812308881937366,0.14468735721064285
CobaltBadger5843,geographic,NLD,56239,452.0624299863084,3.0,20,58372.05,2811.9,0.9995454545454546,3.4411438206710567,2,25.0,56235,False,0.08592176790717998,224,0.35,0.4050704066690544,1.0,27.596771435877926,1.0842602935770171,24.959502314814817,26,1.0416874371957165,0.4822809793915255,0.32312096587777167
WittyFalcon3568,geographic,CAN/QC,53936,71.45548427766242,2.0,9,49291.11111111111,5972.111111111111,0.6326823036158834,0.0005568697477057887,1,12.5,52737,False,0.08057581656007358,183,0.2859375,0.8513461557108619,1.0,81.93499081194192,,20.588946759259258,12,0.5828370018297979,0.727324977751409,0.5405851379412637
ZestyYarrow9768,AWS,AWS/us-east-2,44188,369.12496605413236,14.0,5,54467.8,5653.2,0.4725395137158662,0.0,4,50.0,21322,False,0.03258295468087772,83,0.1296875,0.9104654916967292,1.0,45.91873242513154,,6.147581018518519,6,0.9759936439920097,0.5519598080926948,0.5398071874717117
ProudQuartz9033,AWS,AWS/us-east-1,39840,39.64836847389558,0.0,1,62767.0,39824.0,1.0,0.0,2,25.0,39822,False,0.06084514616952426,205,0.3203125,0.7609546586765809,1.0,1.1293195625165315,,0.7264699074074074,2,2.7530390173180175,0.5491465863453815,0.0
VividHeron7310,geographic,ITA,39423,851.3452553078153,2.0,42,9682.92857142857,938.6428571428571,0.5360737744842741,0.07745766014973861,1,12.5,38765,False,0.05922867960043635,48,0.075,0.6167341856801128,1.0,47.697340839795906,1.237086737646803,485.2112384259259,43,0.08862119546013882,0.24204144788575196,0.5631737818025011
GoldenWalrus7913,AWS,AWS/us-west-2,31071,855.1498825271153,15.0,35,13035.142857142857,886.8,0.5937026394500515,0.014851107514170072,4,50.0,28483,False,0.04352389712061163,336,0.525,0.357526712941378,1.0,64.7333581216319,2.3525246446677825,869.7584375,35,0.04024105831108997,0.5348073766534711,0.7341894370956841
QuickThistle8971,AWS,AWS/us-east-1,30953,21.52705715116467,0.0,1,48397.0,30953.0,1.0,0.0,1,12.5,30952,False,0.04729157817861803,147,0.2296875,0.7146973963943705,1.0,4.018003495651092,,0.559375,1,1.787709497206704,0.2615901528123284,0.0
LucidOpal3469,VPN,VPN,28877,113.44132008172595,2.0,238,14944.20168067227,121.32773109243698,0.9732936686037413,0.012512996515648559,3,37.5,20461,False,0.03126594694689495,325,0.5078125,0.6411444525151314,1.0,14.744071635526085,1.0085222804555827,406.50927083333335,239,0.5879324707897959,0.5434082487793054,0.07455760639955675
AmberBadger2123,AWS,AWS/us-east-1,26229,7.303404628464676,5.0,1,88084.0,26229.0,1.0,0.0,0,0.0,26229,False,0.040074009112104556,2,0.003125,0.17927400468384075,0.3442622950819672,6.204693358847991,,1.0190625,2,1.9625881631401412,0.5253726790956574,0.0
GoldenJuniper4088,geographic,CAN/QC,23809,6.53068167499685,6.0,12,57086.25,1408.4166666666667,0.6203397780422794,2.6219192448872574e-05,0,0.0,5786,False,0.008840147040399442,8,0.0125,0.5022847106971411,1.0,86.46985758274863,,48.80045138888889,19,0.38934066098261555,0.607543365954051,0.03087067915494141
MerryVireo5612,geographic,USA/CA,23202,51.858201879148346,1.0,120,7273.216666666666,193.35,0.4504164499606971,0.18357866620213106,1,12.5,12827,False,0.01959927518739095,89,0.1390625,0.7820451367048533,1.0,28.54068462866946,1.8022014236442723,1143.0128587962963,118,0.10323593395464113,0.6590380139643134,0.0003878975950349108
FierceUmber1693,geographic,HKG/KKC,22318,0.40330674791647997,0.0,1,82223.0,22318.0,1.0,0.0,0,0.0,22318,False,0.03409858307079757,177,0.2765625,0.15044885593617363,1.0,0.8680904622855175,,0.9516550925925926,2,2.101601741605147,0.4793888341249216,0.0
NobleHarbor1008,geographic,ITA/45,19350,15.772919896640827,4.0,1,119237.0,19350.0,1.0,0.0,2,25.0,19348,False,0.02956392071063415,118,0.184375,0.5561352758309628,1.0,3.884287635204822,,1.3796643518518519,2,1.4496279456053958,0.3269767441860465,0.0
BoldOpal5152,GH-actions,GH-actions,16816,253.26581826831588,2.0,3,7134.333333333333,5605.333333333333,0.9999405186771354,0.2222275767681246,5,62.5,16808,False,0.025687762217462117,139,0.2171875,0.695414607008709,1.0,85.95352686876751,,297.77966435185186,4,0.013432750717569691,0.9141294005708849,0.0
LucidCedar6252,geographic,CHN/BJ,16756,8.234005729291,3.5,1,37303.0,16545.0,1.0,0.2645744865581638,4,50.0,16541,False,0.025278298095991834,157,0.2453125,0.41287870453163805,1.0,0.5809137399556535,,0.4317476851851852,1,2.316167600461089,0.6809501074242063,0.0
BraveMeadow9298,geographic,USA/MD,16682,505.7729888502578,4.0,40,8253.8,411.3,0.5654318526193766,0.16290789446283918,7,87.5,14253,False,0.021787158105097827,408,0.6375,0.46105993567087167,1.0,34.251919908869525,1.4392948479884307,196.6246412037037,38,0.19326163682929184,0.6930224193741757,0.012108859848938976
GoldenZephyr0945,geographic,USA/IN,16628,13693.557072407986,9952.5,108,7194.425925925926,136.71296296296296,0.6919074092782421,0.038540284730722525,3,37.5,7930,False,0.012120443565760244,47,0.0734375,0.4344148017137194,1.0,30.25444474900742,2.5364587526191738,739.8566550925926,97,0.13110647762958963,0.747955256194371,0.001262929997594419
CleverMarten7361,geographic,MEX/CMX,16589,1809.2750015070228,1.0,7,29721.714285714286,1264.7142857142858,0.4698784957562197,0.11035611685259113,5,62.5,8628,False,0.013189939405421427,507,0.7921875,0.4739468193078285,1.0,56.260906074248986,,11.43962962962963,8,0.6993233399164697,0.492193622279824,0.00042196636325275786
CrimsonMaple9194,AWS,AWS/us-east-1,16385,1.6440646933170582,0.0,1,9391.0,16385.0,1.0,0.0,1,12.5,16384,False,0.02503384190406928,111,0.1734375,0.6788521496305823,1.0,0.23459202373557386,,0.10868055555555556,1,9.201277955271566,0.0,0.0
EagerNimbus3492,AWS,AWS/us-east-1,16027,13.780433019279965,0.0,1,8840.0,16027.0,1.0,0.0,1,12.5,16026,False,0.024486871174642558,112,0.175,0.7112928416266497,1.0,0.264401050453371,,0.10231481481481482,1,9.773755656108596,0.0,0.0
TidyComet0807,AWS,AWS/us-east-1,15526,3.3988148911503284,3.0,1,82326.0,15526.0,1.0,0.0,0,0.0,15526,False,0.023721417723685054,1,0.0015625,0.35714285714285715,0.35714285714285715,5.262314156180308,,0.9528009259259259,2,2.0990743665119895,0.44235475975782557,0.0
AmberFinch0836,AWS,AWS/us-east-2,14263,759.7000631003295,46.0,11,19234.272727272728,1296.6363636363637,0.6361992789946354,4.032062639544648e-07,4,50.0,13873,False,0.021201991095683208,44,0.06875,0.5383105494437002,1.0,34.841494154954944,,15.331956018518518,12,0.7826789996987954,0.9821215733015495,0.012620065904788614
VividCedar6448,GH-actions,GH-actions,12642,49.531007751937985,1.0,4,4925.75,3160.5,0.5,0.029102678661861985,4,50.0,12634,False,0.019308983459482915,178,0.278125,0.6534816316277882,1.0,50.135526022457164,,178.79686342592592,4,0.02237175710667412,0.3092074038917893,0.0
MerryPine7579,geographic,USA/WA,12307,2745.2741529211016,15.0,223,8524.399103139014,54.90582959641256,0.35999893571724595,0.014693060930365823,1,12.5,6924,False,0.010580369556648138,53,0.0828125,0.31248010854033637,1.0,15.380085926639675,1.8573753007613933,1442.8715972222221,225,0.15593903188139818,0.5669943934346307,0.13398878686926138
QuickFinch0688,GH-actions,GH-actions,11712,8.244791666666666,1.0,6,2494.6666666666665,1952.0,0.3333190956204795,0.06584558792886454,3,37.5,11704,False,0.01788655399273354,167,0.2609375,0.8086401803355941,1.0,31.71324788491011,,246.33311342592592,6,0.02435726125714009,0.02962773224043716,0.00025614754098360657
ScarletHarbor4183,GH-actions,GH-actions,11647,252.02163647291147,1.0,22,1716.2272727272727,529.4090909090909,0.31658355906221664,0.13333545128188837,6,75.0,11569,False,0.017684877634397432,261,0.4078125,0.2552223805233903,1.0,21.53461241031311,0.6332732388043459,391.86024305555554,23,0.05869439527892908,0.8817721301622735,0.8626255688160042
EagerThistle0310,GH-actions,GH-actions,11601,221.56098612188603,1.0,1,7172.0,11601.0,1.0,0.21470770076251974,3,37.5,11598,False,0.017724601765584845,85,0.1328125,0.9323397087936266,1.0,6.653434743740882,,0.08299768518518519,1,12.048528796541625,1.0,0.0
CleverMeadow0297,GH-actions,GH-actions,11549,188.8986059399082,1.0,2,3589.0,5774.5,0.5,0.22205010416110252,3,37.5,11545,False,0.0176436256520105,101,0.1578125,0.9364597665655912,1.0,75.85889550358259,,40.90436342592593,2,0.048894539176042126,1.0,0.9999134124166594
GoldenMarten0451,GH-actions,GH-actions,11476,226.9168699895434,1.0,2,3590.5,5738.0,0.9999564270152506,0.21422154654135858,3,37.5,11472,False,0.017532092514445832,83,0.1296875,0.9354456612453385,1.0,74.63370608821687,,10.540092592592593,2,0.1897516537383711,0.9999128616242593,0.0
AmberHeron3284,GH-actions,GH-actions,11394,230.21958925750394,1.0,4,1796.75,2848.5,0.4999780528487402,0.21107827898952977,3,37.5,11388,False,0.01740375301368649,87,0.1359375,0.9105262624035022,1.0,58.53235085464105,,98.31525462962964,4,0.040685446170776685,0.9999122345093909,0.0
SwiftRaven2524,AWS,AWS/us-east-1,11171,0.36299346522245096,0.0,1,37735.0,11171.0,1.0,0.0,0,0.0,11171,False,0.017067625749792977,2,0.003125,0.652877085461355,0.7602996254681648,0.8233919392202455,,0.4367476851851852,2,4.579303034318272,0.9667890072509175,0.0
CobaltMarten6892,GH-actions,GH-actions,11116,228.88611011155092,1.0,3,2393.6666666666665,3705.3333333333335,0.9999700077979726,0.20786487746748872,4,50.0,11111,False,0.01698206608262008,83,0.1296875,0.9156250680189026,1.0,70.4633128110573,,56.32763888888889,3,0.05325982162891219,1.0,0.9998200791651674
IvoryComet9915,GH-actions,GH-actions,10994,243.63716572676006,1.0,8,936.25,1374.25,0.6249886187744697,0.2072084560734708,6,75.0,10982,False,0.016788028980281554,86,0.134375,0.8775632384950756,1.0,35.5933989705426,,143.3681134259259,8,0.05580041341712545,0.9997271238857559,0.9991813716572676
GoldenPine2373,GH-actions,GH-actions,10865,247.51900598251265,1.0,2,3591.5,5432.5,0.5,0.20873167622689612,3,37.5,10861,False,0.01659857543154157,78,0.121875,0.933880861734717,1.0,75.4282300565403,,89.37391203703703,2,0.022377894784007993,0.9999079613437644,0.9999079613437644
ProudHeron4003,geographic,CAN/QC,10668,850.2005061867267,3.0,7,55926.28571428572,911.5714285714286,0.6058509964929925,1.6116035455278002e-05,0,0.0,2412,False,0.003685177093232536,1,0.0015625,0.5438556933483653,0.5438556933483653,40.612754441564334,,21.338854166666668,10,0.4686287240118524,0.561586051743532,0.4776902887139108
CleverFinch7787,GH-actions,GH-actions,10646,254.92072139770806,1.0,4,1802.25,2661.5,0.749976508175155,0.20650780081213935,4,50.0,10640,False,0.016262448167648057,80,0.125,0.9001550942826627,1.0,53.55132786226745,,292.01528935185183,4,0.013697912903390357,0.9998121360135263,0.0
ProudRaven9308,GH-actions,GH-actions,10511,263.4886309580439,1.0,1,7170.0,10511.0,1.0,0.20529705998776493,3,37.5,10508,False,0.01605924395811243,76,0.11875,0.9333300759707113,1.0,6.801127363535493,,0.08298611111111111,1,12.050209205020922,1.0,0.0
QuickMarten9170,GH-actions,GH-actions,10160,284.2538385826772,1.0,3,2394.0,3386.6666666666665,0.9999671851414321,0.20211175140418702,3,37.5,10156,False,0.015521440335882807,73,0.1140625,0.8965757034501277,1.0,66.02191482687739,,108.4177199074074,3,0.02767075347611172,0.9999015748031496,0.0
QuickRaven2246,GH-actions,GH-actions,10159,278.1502116350035,1.0,9,954.1111111111111,1128.7777777777778,0.5555446054115611,0.20438196694305638,6,75.0,10146,False,0.015510745377486196,73,0.1140625,0.8853182226681037,1.0,41.198249785126364,,330.32403935185187,8,0.024218643050312863,0.99970469534403,0.0
AmberOsprey1344,GH-actions,GH-actions,10117,285.8600375605417,1.0,6,1205.0,1686.1666666666667,0.8333168496357103,0.20087098530212302,5,62.5,10110,False,0.015454214883104105,73,0.1140625,0.8869108327996085,1.0,36.25554455678592,,155.1432175925926,6,0.03867394329641951,0.9996046258772363,0.0
SilentUmber6394,GH-actions,GH-actions,9994,299.6160696417851,1.0,7,1214.5714285714287,1427.7142857142858,0.8459849418000572,0.16858485478776675,6,75.0,9947,False,0.015206702988782517,153,0.2390625,0.38062296445027677,1.0,36.4100741486973,,209.84084490740742,7,0.03335861520710499,0.9496698018811287,0.0
IvoryVireo1400,GH-actions,GH-actions,9917,300.10113945749725,1.0,14,616.5714285714286,708.3571428571429,0.35713564140677995,0.20347058714473756,6,75.0,9898,False,0.015131838280006233,67,0.1046875,0.8920902444662858,1.0,28.092164877956293,,319.03405092592595,14,0.04388246320218199,0.9996974891600282,0.0005041847332862761
ScarletMarten2451,GH-actions,GH-actions,9867,304.9996959562177,1.0,17,606.5294117647059,580.4117647058823,0.43792035140093355,0.1269286515803254,5,62.5,9830,False,0.015026416547239631,143,0.2234375,0.402332598411752,1.0,25.04544550215019,,380.2520486111111,17,0.04470718846116232,0.9993919124353907,0.9986824769433466
TealVireo5563,GH-actions,GH-actions,9768,306.6954340704341,1.0,16,465.9375,610.5,0.3124935890860601,0.20050125313283207,6,75.0,9748,False,0.014902660600078837,66,0.103125,0.8902206608975333,1.0,23.039519725388768,,325.01774305555557,16,0.04922808167203692,0.9989762489762489,0.9981572481572482
IvoryVireo1182,GH-actions,GH-actions,9567,318.9271453956308,1.0,12,660.4166666666666,797.25,0.4166579406631763,0.19797561021158983,5,62.5,9551,False,0.014600146062574674,64,0.1,0.8895330766391069,1.0,24.93131113330509,,393.8687384259259,12,0.030467002910556748,0.9994773701264764,0.9986411623288387
SageUmber9596,GH-actions,GH-actions,9563,321.0055421938722,1.0,12,640.3333333333334,796.9166666666666,0.4999912739965096,0.19991841650317593,6,75.0,9550,False,0.014600146062574674,65,0.1015625,0.877656652157922,1.0,27.88534003961376,,358.71725694444444,12,0.033452530559070576,0.9993725818257869,0.00041827878280874205
ProudHarbor3750,GH-actions,GH-actions,9563,320.3491582139496,1.0,11,764.3636363636364,869.3636363636364,0.5908995716325559,0.19932512431920435,6,75.0,9550,False,0.014600146062574674,65,0.1015625,0.877656652157922,1.0,41.63811938205259,,363.4889236111111,11,0.030262270142153387,0.9989543030429782,0.00041827878280874205
MerryWalrus9575,GH-actions,GH-actions,9554,318.427150931547,1.0,11,747.2727272727273,868.5454545454545,0.45453592728797093,0.19943342776203965,5,62.5,9541,False,0.014584867550579514,65,0.1015625,0.8690957412400322,1.0,32.86739906919644,,402.8811226851852,11,0.027303339324229136,0.9995813271927988,0.00020933640360058616
CobaltSable0637,GH-actions,GH-actions,9551,158.02408124803685,1.0,3,2394.3333333333335,3183.6666666666665,0.9999650923307851,0.19995507545281901,3,37.5,9547,False,0.014590978955377578,62,0.096875,0.9160315961596615,1.0,69.41571158111756,,309.74127314814814,3,0.009685502902175748,0.9998952989215789,0.0
MerryMarten1446,GH-actions,GH-actions,9502,75.26625973479267,1.0,14,583.9285714285714,678.7142857142857,0.42855636560824245,0.20506202647573057,5,62.5,9485,False,0.01449930788340662,63,0.0984375,0.8884264446820087,1.0,27.96155608681226,,357.9850231481482,14,0.03910778131689117,0.9992633129867396,0.9986318669753736
WittyLynx2654,GH-actions,GH-actions,9492,316.6541297935103,1.0,8,962.875,1186.5,0.5625,0.19905177028370422,5,62.5,9482,False,0.014494724329808072,64,0.1,0.8873233213082452,1.0,40.38803416855234,,115.73268518518519,7,0.06048420970099519,0.9992625368731564,0.0
BoldJuniper8627,geographic,MEX/CMX,9441,10.215019595381845,2.0,2,31444.0,4720.0,0.8163383545770568,8.231943232519468e-05,0,0.0,6904,False,0.010548284681458303,28,0.04375,0.4235401811770512,1.0,47.352642229668035,,1.2973148148148148,3,2.3124687745342944,0.9997881580341066,0.0
WittyMeadow9261,GH-actions,GH-actions,9394,328.0826059186715,1.0,13,635.8461538461538,722.6153846153846,0.30768410518890366,0.20031573070481104,6,75.0,9376,False,0.014334299953858893,61,0.0953125,0.9021130907482496,1.0,28.081059060564087,,412.72358796296294,13,0.03149807856672974,0.9995741962955078,0.0004258037044922291
CleverKestrel7887,GH-actions,GH-actions,9384,328.057757885763,1.0,4,1903.0,2346.0,0.7499733418639369,0.19926662163466177,4,50.0,9378,False,0.014334299953858893,60,0.09375,0.9135917801975911,1.0,64.05678954127983,,325.0683564814815,4,0.012305104204222574,1.0,0.9993606138107417
QuickHeron3717,GH-actions,GH-actions,9341,1.6873996360132748,1.0,6,1271.3333333333333,1556.8333333333333,0.5833154793786823,0.20314896006565733,5,62.5,9332,False,0.014265546649880674,54,0.084375,0.8915744238063389,1.0,43.24979844186424,,320.57104166666664,6,0.018716600129586463,0.9995717803233058,0.0
IvoryOsprey4497,GH-actions,GH-actions,9057,1.2020536601523684,1.0,12,687.8333333333334,754.75,0.4166666666666667,0.20916488612083467,5,62.5,9043,False,0.013823997653220557,52,0.08125,0.858189555793522,1.0,29.153472819552256,,337.9956828703704,12,0.03550341204979915,0.9994479408192558,0.000662471016893011
BraveUmber6572,GH-actions,GH-actions,8973,1.119580965117575,1.0,11,659.3636363636364,815.7272727272727,0.5454545454545454,0.2051445191783312,6,75.0,8960,False,0.013698713854860248,52,0.08125,0.8610633143373836,1.0,29.62635169155156,,341.46825231481483,11,0.0322138293250718,0.9987741000780118,0.9989969909729187
TealComet4517,GH-actions,GH-actions,8936,87.35687108325872,2.0,7,2040.0,1276.5714285714287,0.428555431131019,0.05048115722626356,3,37.5,8928,False,0.013645239062877188,108,0.16875,0.5948594432800243,1.0,27.57402963400167,,306.3708564814815,7,0.02284812622320398,0.9996642793196061,0.0
EagerHeron5497,GH-actions,GH-actions,8729,1.7005384351013861,1.0,10,769.3,872.9,0.44998852947923834,0.19544951809132563,6,75.0,8716,False,0.01332591816217835,54,0.084375,0.8602567487360919,1.0,27.81377361703759,,369.0789699074074,10,0.027094472498687065,0.9995417573605224,0.0005728032993470042
CleverMaple8955,geographic,USA/MA,8626,4292.33793183399,89.0,5,38592.2,1493.0,0.5012453254846158,4.1093709066813234e-05,5,62.5,5484,False,0.008386375234143196,554,0.865625,0.43027795194893464,1.0,59.50737817380536,,43.45240740740741,8,0.18410947695009014,0.7180616740088106,0.020403431486204496
BraveVireo0714,geographic,CHN,8549,899.7952976956369,87.0,1,462382.0,8422.0,1.0,0.0,0,0.0,8422,False,0.012867562802323556,125,0.1953125,0.0860122819794203,0.5,4.853735742272965,,5.108854166666666,6,1.1744316444081966,0.5319920458533162,0.37021873903380514
VividSable1959,geographic,GBR/ENG,8404,204.8539980961447,0.0,1,8293.0,8404.0,1.0,0.06340368954628553,2,25.0,8402,False,0.012840061480732268,78,0.121875,0.5242401943471993,1.0,6.476144008076526,,0.0959837962962963,1,10.418425177860845,0.0,0.0
CalmNimbus5818,GH-actions,GH-actions,8328,346.7909462055716,1.0,1,7176.0,8328.0,1.0,0.19586359196500616,3,37.5,8325,False,0.012723944789569055,66,0.103125,0.9216818266023952,1.0,9.446493378117799,,0.08305555555555555,1,12.040133779264215,1.0,0.0
SwiftNimbus5509,GH-actions,GH-actions,8186,2.0967505497190326,1.0,23,1244.7391304347825,355.9130434782609,0.30399070178172566,0.11847347157115307,6,75.0,8105,False,0.012392401079274088,227,0.3546875,0.24143084701322604,1.0,22.594029995372573,0.9075295865353613,399.51341435185185,23,0.0575700318781884,0.9981676032250183,0.18006352308819937
CrimsonCedar4646,GH-actions,GH-actions,8174,8.660998287252264,1.0,2,7197.0,4087.0,0.5,0.0381073504019606,4,50.0,8169,False,0.012487127853644078,126,0.196875,0.7807055404614374,1.0,64.11614086015146,,90.84423611111112,2,0.022015706065862124,0.07315879618301933,0.0
ProudMarten9312,GH-actions,GH-actions,7829,6.483969855664836,1.0,4,3626.0,1957.25,0.75,0.03510822685315813,5,62.5,7823,False,0.011960019189811067,119,0.1859375,0.7580088951783743,1.0,44.10924121922604,,213.13565972222221,4,0.018767389770501866,0.6612594201047388,0.00012773023374632777
SwiftVireo6426,GH-actions,GH-actions,7794,61.15768539902489,1.0,4,2892.5,1948.5,0.749967911692979,0.019133138198475303,2,25.0,7790,False,0.01190501654662849,154,0.240625,0.553467537338516,1.0,32.22209420520039,,105.12578703703704,4,0.03804965568144335,0.9997433923530922,0.9996150885296382
GentleFinch6156,GH-actions,GH-actions,7694,391.30179360540683,1.0,17,473.52941176470586,452.5882352941176,0.32352174546346624,0.19803308001788109,5,62.5,7673,False,0.011730841509883669,61,0.0953125,0.8827488916436874,1.0,22.162448798860744,,405.3177199074074,17,0.041942405093672086,0.9990902001559657,0.0007798284377436964
CobaltComet1287,GH-actions,GH-actions,7523,345.5819486906819,1.0,8,1052.625,940.375,0.7439341157027779,0.12067244624422517,5,62.5,7497,False,0.011461939698768858,145,0.2265625,0.3723414144685732,1.0,34.663189156884535,,299.6140740740741,8,0.02670101538027932,0.9500199388541806,0.00039877708361026184
AmberVireo0407,AWS,AWS/us-east-1,7491,2.8006941663329328,0.0,1,32048.0,7491.0,1.0,0.0,0,0.0,7491,False,0.011445133335574181,1,0.0015625,0.7382477579580171,0.7382477579580171,8.409831294122304,,0.3620138888888889,2,5.524649913677345,0.016019223067681217,0.00026698705112802027
JollyLynx3567,GH-actions,GH-actions,7247,1.5803780874844764,1.0,16,329.25,452.9375,0.40624135067810685,0.194964561514863,6,75.0,7226,False,0.011049419874899543,61,0.0953125,0.8696341375453267,1.0,22.506627084983872,,400.55202546296294,16,0.03994487353173912,0.9980681661377122,0.0011039050641644817
BraveThistle4345,GH-actions,GH-actions,7246,1.6366271046094396,1.0,7,795.1428571428571,1035.142857142857,0.6428373729785299,0.19423828904317292,5,62.5,7237,False,0.011064698386894703,59,0.0921875,0.8964542931787796,1.0,30.771600765975176,,167.24483796296298,7,0.04185480452048498,1.0,0.0
CalmHarbor9792,GH-actions,GH-actions,7239,1.5752175714877745,1.0,11,448.0,658.0909090909091,0.45453287371360995,0.19344454199590283,5,62.5,7225,False,0.011046364172500512,60,0.09375,0.883641753123102,1.0,24.41189333693726,,371.93733796296294,11,0.029574874252327327,0.9988948749827324,0.9988948749827324
BoldOpal5686,GH-actions,GH-actions,7234,1.7246336743157313,1.0,30,425.5,241.13333333333333,0.14444444444444443,0.19515384615384615,6,75.0,7188,False,0.010991361529317937,52,0.08125,0.8443343388455214,1.0,19.235129026091396,0.9908713750898939,383.03302083333335,28,0.07310074713423587,0.9980646944982029,0.0012441249654409731
JadeUmber3446,GH-actions,GH-actions,7233,1.8660306926586478,1.0,6,1006.6666666666666,1205.5,0.7499769351416182,0.19602737887531874,4,50.0,7226,False,0.011046364172500512,59,0.0921875,0.8953878035604562,1.0,36.77982076044422,,298.3109953703704,6,0.020113237839425438,0.999723489561731,0.0
NobleZephyr2975,AWS,AWS/us-east-2,7220,5804.096675900277,2.0,2,16478.0,3610.0,0.5005537098560354,0.0,0,0.0,3612,False,0.005518598532651708,1,0.0015625,0.4443343653250774,0.4443343653250774,42.49087696723977,,0.7230555555555556,2,2.7660391855551287,0.4997229916897507,0.0
QuickJuniper3837,AWS,AWS/us-east-2,7206,397.80655009714127,2.0,2,10548.5,3603.0,0.5,0.0,0,0.0,3603,False,0.005504847871856064,1,0.0015625,0.44321981424148604,0.44321981424148604,61.177685563215405,,0.9344791666666666,2,2.1402296288039238,1.0,1.0
GentleMeadow3787,geographic,USA/VA,7160,2995.458100558659,21.0,14,106273.64285714286,383.35714285714283,0.6458664087552727,0.019558258114552564,6,75.0,4046,False,0.006190853060438738,177,0.2765625,0.2808015869279558,1.0,44.61106458258046,,1089.8738773148148,26,0.02385597135703234,0.6610335195530727,0.020810055865921787
LucidLynx4647,AWS,AWS/us-east-1,7102,10.679386088425796,1.0,1,4980.0,7102.0,1.0,0.0,1,12.5,7101,False,0.010850799218962467,104,0.1625,0.6635635008807613,1.0,0.562351088754614,,0.05762731481481481,1,17.35288210484033,0.0,0.0
VividQuartz6425,GCP,GCP/us-central1,7003,401.62873054405253,0.0,2,13661.5,3501.5,0.9998571632623912,0.5100062757129907,0,0.0,7001,False,0.010696486247811353,1,0.0015625,0.19458573056505182,0.19458573056505182,8.499168351864071,,0.8143981481481481,1,1.2279006310044909,0.9852920177066972,1.0
RapidZephyr9425,geographic,MEX/MEX,6999,226.70767252464637,1.0,7,33395.42857142857,991.7142857142857,0.31976665443977315,0.05134170310055754,0,0.0,2284,False,0.003489612139694491,3,0.0046875,0.7435715970747818,1.0,37.396704088339554,,12.115474537037038,8,0.6603125594085464,0.5807972567509644,0.00014287755393627662
CleverMaple4217,AWS,AWS/us-east-2,6998,2818.87210631609,10.0,105,18211.742857142857,66.23809523809524,0.31192539118401374,0.0013124081204214353,3,37.5,5038,False,0.007701897896760039,303,0.4734375,0.1979577640318349,1.0,12.985340056911271,1.3108006128164753,273.9945949074074,104,0.37956953141774685,0.5127179194055445,0.1178908259502715
ZestyLynx7409,GH-actions,GH-actions,6961,1.8705645740554517,2.0,3,2428.3333333333335,2320.3333333333335,0.6666666666666666,0.18788677823817468,4,50.0,6956,False,0.010633844348631198,48,0.075,0.8996424258408188,1.0,66.77714761983016,,44.794826388888886,3,0.06697201980325419,1.0,0.9995690274385864
ProudMarten8652,GH-actions,GH-actions,6943,1.8031110470977962,2.0,14,606.0,495.92857142857144,0.5,0.18863799952014076,6,75.0,6925,False,0.010589536663845234,53,0.0828125,0.8226265852974034,1.0,24.130537600054783,,377.1803472222222,14,0.03711752243483583,0.9987037303759182,0.001296269624081809
TidyVireo5922,AWS,AWS/us-east-1,6942,6.7143474503025065,1.0,1,4541.0,6942.0,1.0,0.0,1,12.5,6941,False,0.010606343027039911,103,0.1609375,0.6571068976431461,1.0,0.5581080726048994,,0.05255787037037037,1,19.026646113190925,0.0,0.0
LucidWalrus3930,GH-actions,GH-actions,6913,1.7857659482135109,1.0,1,7163.0,6913.0,1.0,0.1871463764584856,2,25.0,6911,False,0.010562035342253947,46,0.071875,0.9140200194952909,1.0,1.6340774395449962,,0.08289351851851852,1,12.063669366098855,1.0,1.0
CleverThistle1386,geographic,MEX/CMX,6891,112.49499346974315,2.0,2,29809.0,3439.0,0.6666666666666666,0.0004201680672268908,0,0.0,6874,False,0.010502449145472824,27,0.0421875,0.42505956431520103,1.0,61.36670742190891,,2.4768171296296297,2,0.8074879554386276,0.2552604846901756,0.0
LucidOsprey1030,GH-actions,GH-actions,6665,64.51567891972994,1.0,6,1864.1666666666667,1110.8333333333333,0.16666666666666666,0.03743263371699391,4,50.0,6655,False,0.01017396113757689,172,0.26875,0.6310079813328847,1.0,34.475167672299655,,189.55377314814814,7,0.03692883493555711,0.999549887471868,0.0
RapidOtter9494,AWS,AWS/us-east-1,6594,8.321049438883835,1.0,1,4798.0,6594.0,1.0,0.0,1,12.5,6593,False,0.01007465080960835,103,0.1609375,0.6590737413518407,1.0,0.5950053666283265,,0.05550925925925926,1,18.015012510425354,0.0,0.0
JadeYarrow8640,GH-actions,GH-actions,6519,14.213529682466636,1.0,4,3159.0,1629.75,0.7498848810437452,0.02050494111694234,3,37.5,6512,False,0.00995395056484659,110,0.171875,0.3674836418670845,1.0,37.91414670826541,,153.47079861111112,4,0.026063590182623865,0.0004601932811780948,0.9993864089584292
FierceCedar2979,GH-actions,GH-actions,6518,3.301472844430807,0.0,10,513.8,651.8,0.7999846295727021,0.3290791282151973,4,50.0,6510,False,0.009952422713647073,55,0.0859375,0.8265591389071653,1.0,22.96621060733129,,350.96238425925924,10,0.028493082018194022,0.9992328935256214,0.00015342129487572875
LucidBadger5749,GH-actions,GH-actions,6318,14.48116492560937,1.0,6,3125.1666666666665,1053.0,0.9963015427912114,0.02212878955521133,2,25.0,6310,False,0.009643796771344845,97,0.1515625,0.5818481480179671,1.0,27.952551335296693,,226.4936111111111,6,0.02649081345193696,0.9996834441278886,0.00015827793605571383
