content_id,error
013708b0-9dff-494a-b857-5f4bac9d8b27,timeout after 900s
02001da1-c42b-42a7-890f-8ce6dd0abbef,timeout after 900s
0284795a-a1ff-4230-b9ef-4158c57218a8,timeout after 900s
03bdf982-6d4b-4f31-901c-ea3828450718,worker exited with code -9 (killed or crashed)
0582e94c-190b-46c7-bae4-28c684f396ff,timeout after 900s
074e26b3-d11b-4463-bbf1-eb0f615c35fd,timeout after 900s
08bddfeb-86ca-4954-9892-6ebc1295b62e,timeout after 900s
0e9b7e34-890b-4ba1-8f68-7b9423fa0233,timeout after 900s
105ebf58-b230-4dd4-bca4-6f3b6934d483,timeout after 900s
10c235fe-fa65-4faa-952b-371695417e89,timeout after 900s
129f6704-2194-4365-b840-6150647d668a,timeout after 900s
13d90773-fbee-44fd-932b-c8c47e00010f,timeout after 900s
14726233-aa4c-457d-9e12-0de8b7375c6e,timeout after 900s
15ec87d9-27ff-44bc-b101-ae3bcfe2e1bc,timeout after 900s
161a876f-953c-4db5-a396-56cb3b579c54,timeout after 900s
18ea8280-f581-4e76-a98f-efc80dfd4c57,timeout after 900s
1eb7d20d-356b-45f1-ad37-7ac5e5c37dbd,timeout after 900s
1f7a5854-dbef-42bb-a77c-931d6b7e96c0,timeout after 900s
1f83867a-5196-4c0f-bd0b-83d86f79fe8c,timeout after 900s
2310125d-3596-445d-af64-583c7c236000,timeout after 900s
247e8be9-5607-4b54-95ea-631c2ccf648c,timeout after 900s
26116641-d316-4e43-9d9f-8053e1e7c923,worker exited with code -9 (killed or crashed)
282ee167-b9fc-4402-a0d6-01fff60608e5,timeout after 900s
2958571a-ebbd-441a-9701-165868fd749f,timeout after 900s
2a36927f-3385-4466-9b18-b0ef944a9eb6,timeout after 900s
2af07710-e5f5-4543-b509-31b90bfcbb2f,timeout after 900s
2d0f0a5b-c995-417c-883b-a97473bcb48e,timeout after 900s
30ee3109-05d5-4b38-a2b9-c87d277ea346,timeout after 900s
368fa71e-4c93-4f7e-af15-06776ca07f34,timeout after 900s
37fcc08c-5fc7-4063-8230-bbf29b797969,timeout after 900s
38e53e31-103c-4639-b611-4abc58675a29,timeout after 3600s
39f14fa7-0509-4e68-9467-c1235dc9188a,timeout after 900s
3ccc9ebb-bdb5-4d6c-9b15-bf11b90d38b1,timeout after 900s
3e5332ed-a345-463b-84b5-82cb6ad05efd,timeout after 900s
42f4f0eb-850a-4479-bc1b-cf5cc260fefa,timeout after 900s
45e62320-455c-49ad-b75f-72fabd50fe31,timeout after 900s
47099ffe-0c64-4cbe-9906-596f3575854e,timeout after 900s
4949907d-bbc9-494b-89fb-0f28b0ca4669,timeout after 900s
4e6c84c7-351f-448a-ba77-af361c934c26,timeout after 900s
4f2df256-c2e5-40eb-a252-c73bf125bb3c,timeout after 900s
508346b7-5ed0-4590-b62e-228b86e72970,timeout after 900s
5180e0c5-c6f5-4ab8-804b-bf4b0596dafd,timeout after 900s
5314bec9-0318-400b-b84a-ee9f77069cdf,timeout after 900s
53f3c96c-17fb-4530-8883-f114d56de436,timeout after 900s
5826f739-c00b-48d4-998b-bb5deaf55323,timeout after 900s
58fa5deb-ece3-4873-a900-41e49f3989fb,timeout after 900s
590ec528-9a9a-4de3-9844-6dc36bf3c44b,timeout after 900s
5b16ff5b-2d04-497d-a22e-e2a28906a555,timeout after 900s
5c24f7f8-5446-4fbd-b46c-7bbbb5985c25,worker exited with code -9 (killed or crashed)
5e455aec-fb42-48f7-9024-0d88773f6b75,timeout after 900s
5f42a87e-bbee-4c06-851b-ceb929e49e0c,timeout after 900s
62091003-d8d1-4128-a2cb-d8da4ac8dc2d,timeout after 900s
6284ab5d-cc15-4032-952e-ac5714d2bcdf,timeout after 900s
68e630c5-10cc-4a33-b2bd-1ba281049e40,timeout after 900s
77985272-fa16-464a-a6b1-b385e18ca9fa,worker exited with code -9 (killed or crashed)
7a57dbb1-3eaf-40e9-952f-c5931b5ef81d,timeout after 900s
7ee21312-8a1d-4d63-a19a-81d052dd2588,timeout after 900s
85df4fc8-89c6-4aec-9d51-56ac3293aacb,timeout after 900s
87751d43-b044-445e-a8d9-d07b875af218,worker exited with code -9 (killed or crashed)
8778ed71-ad60-40a9-bbe1-75fe057a6f33,timeout after 900s
87d20f6d-5177-432f-b6c7-471dc5da13b2,timeout after 900s
95f21214-371d-4207-9f09-4d6f40e15182,timeout after 900s
9788b3cf-3b44-4e7e-8d17-6e8518cbac5f,timeout after 900s
9abf8d8f-888e-433a-ab1c-ac1059b9839c,timeout after 900s
9f09211a-3c4c-484f-a4ba-caa5eaac3346,timeout after 900s
a0cdf76e-7920-48b7-822e-473c5cdb98f0,timeout after 900s
a23ad9a1-2e42-4394-97db-8bc11911002d,timeout after 900s
a31a1184-08cc-47b6-a5cd-940d7b6d1abd,timeout after 900s
b3fc2802-2060-423d-96e7-620cfba220b9,timeout after 900s
d3fa4b36-52a0-4994-82ae-442d7ca5e6b0,timeout after 900s
e11f6f1b-e030-44ce-86bb-4bc21c160fbd,timeout after 900s
e565acc6-f46d-4c2e-a00c-c8d505359f1f,timeout after 900s
e71096a3-999c-45de-852e-365a92709f27,timeout after 900s
e7dcab01-f72a-4d56-b437-80ea3739ae8d,timeout after 900s
f663d3ea-6a84-47ab-ba6f-edbf53da8106,timeout after 900s
fb2097c1-7142-4fe9-a98c-c34fb5d9c6c0,timeout after 900s
fc937008-8f22-42b4-ad34-3dee2d09c04d,timeout after 900s
